Strelka_Somatic_0.4	VarScan_Somatic_0.4
G:-nan	G:0.25
C:-nan	C:0.5
A:-nan	A:0.5
G:-nan	G:0.75
T:-nan	T:0.75
T:-nan	T:0.25
T:-nan	T:0.75
A:-nan	A:0.75
G:-nan	G:0.75
A:-nan	A:0
C:-nan	C:0.25
T:-nan	T:0
T:-nan	T:0.25
C:-nan	C:0.25
T:-nan	T:0.25
G:-nan	G:0.5
C:-nan	C:0.5
C:-nan	C:0.75
A:-nan	A:0.25
T:-nan	T:0.75
T:-nan	T:0.75
C:-nan	C:0.75
C:-nan	C:0
C:-nan	C:0.75
T:-nan	T:0.75
T:-nan	T:0.75
T:-nan	T:0.75
T:-nan	T:0.75
G:-nan	G:0.75
T:-nan	T:0.75
T:-nan	T:0.75
A:-nan	A:0.75
A:-nan	A:0.75
C:-nan	C:0
T:-nan	T:0.25
G:-nan	G:0.5
A:-nan	A:0.75
A:-nan	A:0.75
A:-nan	A:0.75
A:-nan	A:0.5
CT:-nan	CT:0.5
A:-nan	A:0.75
C:-nan	C:0.75
C:-nan	C:0.75
C:-nan	C:0.25
C:-nan	C:0.25
T:-nan	T:0.75
G:-nan	G:0.75
G:-nan	G:0.25
G:-nan	G:0.25
T:-nan	T:0.25
A:-nan	A:0.75
C:-nan	C:0.75
C:-nan	C:0
G:-nan	G:0.75
A:-nan	A:0.25
G:-nan	G:0.75
G:-nan	G:0.75
G:-nan	G:0
A:-nan	A:0.25
C:-nan	C:0.25
T:-nan	T:0.75
G:-nan	G:0.25
G:-nan	G:0.25
C:-nan	C:0.5
G:-nan	G:0.25
C:-nan	C:0.25
C:-nan	C:0.75
A:-nan	A:0.75
G:-nan	G:0.75
A:-nan	A:0.75
A:-nan	A:0.25
T:-nan	T:0.75
G:-nan	G:0
G:-nan	G:0.75
A:-nan	A:0.75
T:-nan	T:0.75
T:-nan	T:0.75
C:-nan	C:0.75
T:-nan	T:0.5
C:-nan	C:0.75
A:-nan	A:0.75
G:-nan	G:0.25
G:-nan	G:0.75
C:-nan	C:0.25
T:-nan	T:0.25
T:-nan	T:0.75
G:-nan	G:0.75
A:-nan	A:0.75
C:-nan	C:0.75
T:-nan	T:0.75
C:-nan	C:0.75
A:-nan	A:0.75
C:-nan	C:0.75
A:-nan	A:0.75
C:-nan	C:0.75
A:-nan	A:0.75
G:-nan	G:0.75
G:-nan	G:0.25
A:-nan	A:0.75
A:-nan	A:0.25
A:-nan	A:0.75
G:-nan	G:0.75
C:-nan	C:0
C:-nan	C:0
T:-nan	T:0.5
T:-nan	T:0.25
A:-nan	A:0
G:-nan	G:0
C:-nan	C:0.75
T:-nan	T:0.5
C:-nan	C:0.25
T:-nan	T:0.75
G:-nan	G:0.25
T:-nan	T:0.75
A:-nan	A:0.25
T:-nan	T:0.75
G:-nan	G:0
C:-nan	C:0.75
T:-nan	T:0.75
G:-nan	G:0.5
G:-nan	G:0.75
G:-nan	G:0.75
A:-nan	A:0.75
T:-nan	T:0.75
G:-nan	G:0
C:-nan	C:0
A:-nan	A:0.75
G:-nan	G:0.75
G:-nan	G:0.75
A:-nan	A:0.75
T:-nan	T:0.75
T:-nan	T:0.5
T:-nan	T:0.5
C:-nan	C:0.75
C:-nan	C:0.25
T:-nan	T:0.25
A:-nan	A:0.25
T:-nan	T:0.25
A:-nan	A:0.25
CA:-nan	CA:0.75
A:-nan	A:0.75
C:-nan	C:0.75
T:-nan	T:0.75
T:-nan	T:0.75
C:-nan	C:0.75
T:-nan	T:0.75
C:-nan	C:0.5
C:-nan	C:0.25
A:-nan	A:0.25
C:-nan	C:0.75
C:-nan	C:0.25
C:-nan	C:0.5
C:-nan	C:0.75
T:-nan	T:0.75
G:-nan	G:0.75
T:-nan	T:0.5
C:-nan	C:0.75
G:-nan	G:0.75
A:-nan	ATG:0.25
GTGTGTGTATA:-nan	GTGTGTGTATA:0.75
C:-nan	C:0.75
A:-nan	A:0.75
C:-nan	C:0.75
C:-nan	C:0.75
C:-nan	C:0.25
A:-nan	A:0.25
TA:-nan	TA:0.75
C:-nan	C:0.75
G:-nan	G:0.75
C:-nan	C:0.75
T:-nan	T:0.75
C:-nan	C:0.75
G:-nan	G:0.75
G:-nan	G:0.75
A:-nan	A:0.75
T:-nan	T:0.75
C:-nan	C:0.75
G:-nan	G:0.25
T:-nan	T:0
T:-nan	T:0.25
C:-nan	C:0.25
A:-nan	A:0.25
A:-nan	A:0
T:-nan	T:0.25
C:-nan	C:0
C:-nan	C:0.75
T:-nan	T:0.75
G:-nan	G:0.75
G:-nan	G:0.75
A:-nan	A:0.75
T:-nan	T:0.75
C:-nan	C:0.25
C:-nan	C:0.75
T:-nan	T:0.25
A:-nan	A:0.75
A:-nan	A:0.75
C:-nan	CA:0.5
A:-nan	A:0.75
G:-nan	G:0.75
G:-nan	G:0.25
C:-nan	C:0.75
T:-nan	T:0.75
C:-nan	C:0.75
A:-nan	A:0.75
C:-nan	C:0.75
T:-nan	T:0.75
T:-nan	T:0.75
T:-nan	T:0.75
A:-nan	A:0.75
A:-nan	A:0.75
G:-nan	G:0.5
C:-nan	C:0.5
G:-nan	G:0.75
C:-nan	C:0.75
A:-nan	A:0.75
A:-nan	A:0.5
G:-nan	G:0.25
G:-nan	G:0.75
C:-nan	C:0.75
G:-nan	G:0.75
G:-nan	G:0.75
G:-nan	G:0.75
C:-nan	C:0.25
A:-nan	A:0
A:-nan	A:0.25
TCACA:-nan	TCACA:0.5
C:-nan	C:0.25
T:-nan	T:0.75
T:-nan	T:0.75
C:-nan	C:0.75
T:-nan	T:0.75
C:-nan	C:0.5
CAACA:-nan	CAACA:0.75
T:-nan	T:0.75
C:-nan	C:0
T:-nan	T:0.25
G:-nan	G:0.5
C:-nan	C:0.75
G:-nan	G:0.25
G:-nan	G:0.75
C:-nan	C:0.75
T:-nan	T:0.25
C:-nan	C:0.75
C:-nan	C:0.25
T:-nan	T:0.75
C:-nan	C:0.75
G:-nan	G:0.75
T:-nan	T:0.75
G:-nan	G:0.75
C:-nan	C:0.75
C:-nan	C:0.75
A:-nan	A:0.25
A:-nan	A:0.75
A:-nan	A:0.75
T:-nan	T:0.75
A:-nan	A:0.75
C:-nan	C:0.75
A:-nan	A:0.25
G:-nan	G:0.25
C:-nan	C:0.25
A:-nan	A:0.75
T:-nan	T:0.75
C:-nan	C:0.75
A:-nan	A:0.75
G:-nan	G:0.75
T:-nan	T:0.75
G:-nan	G:0
CTT:-nan	CTT:0.25
G:-nan	G:0.25
G:-nan	G:0.25
C:-nan	C:0.75
A:-nan	A:0.75
A:-nan	A:0.75
A:-nan	A:0.75
T:-nan	T:0.75
C:-nan	C:0.75
G:-nan	G:0.75
C:-nan	C:0.75
T:-nan	T:0.75
A:-nan	A:0.75
C:-nan	C:0.75
G:-nan	G:0.5
G:-nan	G:0.75
G:-nan	G:0
A:-nan	A:0.25
TA:-nan	TA:0.25
T:-nan	T:0.25
A:-nan	A:0.25
T:-nan	T:0.25
G:-nan	G:0.25
T:-nan	T:0.25
G:-nan	G:0.25
C:-nan	C:0.25
C:-nan	C:0.75
A:-nan	A:0.75
T:-nan	T:0.75
A:-nan	A:0.75
G:-nan	G:0.75
A:-nan	A:0.75
C:-nan	C:0.25
G:-nan	G:0.25
A:-nan	A:0.25
G:-nan	G:0.25
CG:-nan	CG:0.25
C:-nan	C:0.25
T:-nan	T:0.25
G:-nan	G:0.25
AAC:-nan	AAC:0.75
C:-nan	C:0
A:-nan	A:0.75
A:-nan	A:0.75
C:-nan	C:0.75
C:-nan	C:0.75
A:-nan	A:0.75
T:-nan	T:0
A:-nan	A:0
G:-nan	G:0
G:-nan	G:0.75
A:-nan	A:0.75
T:-nan	T:0
G:-nan	G:0
T:-nan	T:0.5
C:-nan	C:0
G:-nan	G:0.75
G:-nan	G:0.75
A:-nan	A:0.75
T:-nan	T:0.75
A:-nan	A:0.5
G:-nan	G:0.25
A:-nan	A:0.25
G:-nan	G:0.5
A:-nan	A:0.25
T:-nan	T:0.25
G:-nan	G:0.75
T:-nan	T:0.75
T:-nan	T:0.75
T:-nan	T:0.75
C:-nan	C:0.75
A:-nan	A:0.75
A:-nan	A:0.75
G:-nan	G:0.5
T:-nan	T:0.75
C:-nan	C:0.25
A:-nan	A:0.75
G:-nan	G:0.75
C:-nan	C:0.25
G:-nan	G:0.75
C:-nan	C:0.25
A:-nan	A:0.75
A:-nan	A:0.75
A:-nan	A:0.25
T:-nan	T:0.75
T:-nan	T:0.75
C:-nan	C:0.25
G:-nan	G:0.75
T:-nan	T:0.75
A:-nan	A:0.25
C:-nan	C:0.25
C:-nan	C:0.75
A:-nan	A:0.5
T:-nan	T:0.25
T:-nan	T:0.25
C:-nan	C:0.5
T:-nan	T:0.75
C:-nan	C:0.25
G:-nan	G:0.75
G:-nan	G:0.75
G:-nan	G:0.75
C:-nan	C:0.75
G:-nan	G:0.25
G:-nan	G:0.75
A:-nan	A:0.25
C:-nan	C:0.25
A:-nan	A:0
T:-nan	T:0.25
C:-nan	C:0.75
T:-nan	T:0.25
C:-nan	C:0.25
C:-nan	C:0.25
T:-nan	T:0.25
C:-nan	C:0.25
G:-nan	G:0.25
T:-nan	T:0.75
C:-nan	C:0.25
T:-nan	T:0.5
A:-nan	A:0.5
T:-nan	T:0.75
A:-nan	A:0.75
A:-nan	A:0.75
A:-nan	A:0.75
C:-nan	C:0.75
C:-nan	C:0.75
C:-nan	C:0.25
C:-nan	C:0.75
A:-nan	A:0.25
A:-nan	A:0.25
C:-nan	C:0.75
G:-nan	G:0.75
T:-nan	T:0.25
G:-nan	G:0.25
G:-nan	G:0.25
T:-nan	T:0.25
G:-nan	G:0.25
G:-nan	G:0.25
C:-nan	C:0.25
T:-nan	T:0.75
C:-nan	C:0.25
T:-nan	T:0.75
T:-nan	T:0.75
A:-nan	A:0.25
T:-nan	T:0.25
C:-nan	C:0.25
G:-nan	G:0.25
C:-nan	C:0.25
C:-nan	C:0.25
G:-nan	G:0.25
A:-nan	A:0
G:-nan	G:0.25
C:-nan	C:0.25
G:-nan	G:0.25
G:-nan	G:0.25
T:-nan	T:0.25
T:-nan	T:0.25
C:-nan	C:0.25
C:-nan	C:0.5
T:-nan	T:0
A:-nan	A:0.75
C:-nan	C:0.75
A:-nan	A:0.75
A:-nan	A:0.75
A:-nan	A:0.75
C:-nan	C:0.75
T:-nan	T:0.75
T:-nan	T:0.75
A:-nan	A:0
TA:-nan	TA:0.5
C:-nan	C:0.75
A:-nan	AAC:0.5
G:-nan	G:0.75
A:-nan	A:0.5
A:-nan	A:0.75
T:-nan	T:0.5
C:-nan	C:0
A:-nan	A:0.5
A:-nan	A:0.75
A:-nan	A:0.75
A:-nan	A:0
C:-nan	C:0.25
A:-nan	A:0.75
T:-nan	T:0.25
C:-nan	C:0.75
T:-nan	T:0.75
C:-nan	C:0.75
G:-nan	G:0.75
CTGTAT:-nan	CTGTAT:0.75
A:-nan	A:0.75
G:-nan	G:0.75
G:-nan	G:0.75
T:-nan	T:0.75
A:-nan	A:0.75
A:-nan	A:0.75
C:-nan	C:0.75
T:-nan	T:0.25
G:-nan	G:0.75
T:-nan	T:0.75
A:-nan	A:0.75
T:-nan	T:0.75
G:-nan	G:0
T:-nan	T:0.25
C:-nan	C:0
C:-nan	C:0.75
G:-nan	G:0.75
A:-nan	A:0.75
T:-nan	T:0.75
C:-nan	C:0
A:-nan	A:0.75
G:-nan	G:0.25
A:-nan	A:0.25
A:-nan	A:0.75
C:-nan	C:0.75
G:-nan	G:0.75
G:-nan	G:0.75
T:-nan	T:0.75
T:-nan	T:0.75
T:-nan	T:0.75
T:-nan	T:0.75
C:-nan	C:0.75
T:-nan	T:0.75
C:-nan	C:0.75
T:-nan	T:0.75
T:-nan	T:0.75
G:-nan	G:0.75
T:-nan	T:0.75
T:-nan	T:0.75
G:-nan	G:0.25
A:-nan	A:0.75
A:-nan	A:0.75
T:-nan	T:0.75
C:-nan	C:0.75
T:-nan	T:0.25
A:-nan	A:0.25
C:-nan	C:0.75
T:-nan	T:0.75
A:-nan	A:0.75
C:-nan	C:0.5
A:-nan	A:0.75
C:-nan	C:0.25
T:-nan	T:0
T:-nan	T:0.25
T:-nan	T:0.75
A:-nan	A:0
A:-nan	A:0.25
A:-nan	A:0.25
A:-nan	A:0.25
A:-nan	A:0.25
A:-nan	A:0.25
A:-nan	A:0.75
C:-nan	C:0.25
T:-nan	T:0.25
C:-nan	C:0.75
C:-nan	C:0.75
C:-nan	C:0.75
C:-nan	C:0.75
G:-nan	G:0.75
C:-nan	C:0.75
A:-nan	A:0.5
T:-nan	T:0.75
G:-nan	G:0.75
A:-nan	A:0.75
G:-nan	G:0.75
C:-nan	C:0.75
A:-nan	A:0.75
G:-nan	G:0.75
G:-nan	G:0.5
G:-nan	G:0.5
A:-nan	A:0.75
A:-nan	A:0
T:-nan	T:0.75
C:-nan	C:0.75
C:-nan	C:0
G:-nan	G:0.75
C:-nan	C:0.75
T:-nan	T:0
GGGCA:-nan	GGGCA:0.25
TTAC:-nan	TTAC:0.25
A:-nan	A:0.25
C:-nan	C:0.25
A:-nan	A:0.25
T:-nan	T:0.25
T:-nan	T:0.25
C:-nan	C:0.75
G:-nan	G:0.75
G:-nan	G:0.75
C:-nan	C:0
T:-nan	T:0.75
G:-nan	G:0.75
G:-nan	G:0.75
G:-nan	G:0.25
A:-nan	A:0.25
A:-nan	A:0.25
A:-nan	A:0.25
G:-nan	G:0.25
T:-nan	T:0.25
A:-nan	A:0.25
C:-nan	C:0.75
GA:-nan	GA:0.75
C:-nan	C:0.75
G:-nan	G:0.75
T:-nan	T:0.75
A:-nan	A:0.75
A:-nan	A:0.75
C:-nan	C:0.75
T:-nan	T:0.75
G:-nan	G:0.75
TTATA:-nan	TTATA:0.75
G:-nan	G:0.75
C:-nan	C:0.75
G:-nan	G:0.75
G:-nan	G:0.75
T:-nan	T:0.25
A:-nan	A:0.75
TGCTTATAA:-nan	TGCTTATAA:0.25
G:-nan	G:0.25
G:-nan	G:0.25
C:-nan	C:0.25
C:-nan	C:0.25
T:-nan	T:0.25
G:-nan	G:0.25
G:-nan	G:0.25
C:-nan	C:0.75
T:-nan	T:0.75
T:-nan	T:0
T:-nan	T:0.25
C:-nan	C:0.25
T:-nan	T:0.75
TGACA:-nan	TGACA:0.75
G:-nan	G:0.25
A:-nan	A:0.25
T:-nan	T:0.75
A:-nan	A:0.25
G:-nan	G:0.75
C:-nan	C:0.75
C:-nan	C:0.25
A:-nan	A:0.5
A:-nan	A:0.75
G:-nan	G:0.75
G:-nan	G:0.75
G:-nan	G:0.75
A:-nan	A:0.75
C:-nan	C:0.75
A:-nan	A:0.75
T:-nan	T:0.75
A:-nan	A:0.5
T:-nan	T:0.25
T:-nan	T:0.75
C:-nan	C:0.75
G:-nan	G:0.75
A:-nan	A:0.75
G:-nan	G:0.75
T:-nan	T:0.75
T:-nan	T:0.75
C:-nan	C:0.25
A:-nan	A:0.25
C:-nan	C:0.25
C:-nan	C:0.25
C:-nan	C:0.75
C:-nan	C:0.75
T:-nan	T:0.75
C:-nan	C:0.75
A:-nan	A:0.25
A:-nan	A:0.75
T:-nan	T:0.75
G:-nan	G:0.25
G:-nan	G:0.75
C:-nan	C:0.5
C:-nan	C:0.75
C:-nan	C:0.75
C:-nan	C:0.75
C:-nan	C:0.75
A:-nan	A:0.5
C:-nan	C:0.25
A:-nan	A:0.25
G:-nan	G:0.25
T:-nan	T:0.25
A:-nan	A:0.25
A:-nan	A:0.25
T:-nan	T:0.25
A:-nan	A:0.25
TTCTC:-nan	TTCTC:0.25
T:-nan	T:0.25
A:-nan	A:0.25
T:-nan	T:0
A:-nan	A:0.25
A:-nan	A:0.75
T:-nan	T:0
T:-nan	T:0.75
A:-nan	A:0.75
C:-nan	C:0.75
T:-nan	T:0.75
C:-nan	C:0.75
A:-nan	A:0.75
G:-nan	G:0.5
C:-nan	C:0.75
A:-nan	A:0.75
A:-nan	A:0.75
G:-nan	G:0.75
G:-nan	G:0.75
G:-nan	G:0
A:-nan	A:0
G:-nan	G:0
T:-nan	T:0.75
A:-nan	A:0.75
A:-nan	A:0.5
T:-nan	T:0.75
T:-nan	T:0.75
A:-nan	A:0.75
T:-nan	T:0.75
A:-nan	A:0.75
A:-nan	A:0
T:-nan	T:0.25
A:-nan	A:0.5
A:-nan	A:0.75
T:-nan	T:0.75
G:-nan	G:0.25
C:-nan	C:0.25
A:-nan	A:0.25
T:-nan	T:0.25
T:-nan	T:0.25
C:-nan	C:0.5
G:-nan	G:0.75
A:-nan	A:0.75
A:-nan	A:0.75
T:-nan	T:0.75
G:-nan	G:0.75
A:-nan	A:0.75
T:-nan	T:0.75
A:-nan	A:0.75
A:-nan	A:0.75
C:-nan	C:0.75
G:-nan	G:0.75
T:-nan	T:0.75
C:-nan	C:0.25
C:-nan	C:0.25
G:-nan	G:0.25
C:-nan	C:0.25
T:-nan	T:0.75
G:-nan	G:0.75
T:-nan	T:0.75
C:-nan	C:0.25
G:-nan	G:0.25
G:-nan	G:0.75
G:-nan	G:0.75
C:-nan	C:0.75
A:-nan	A:0.75
T:-nan	T:0.75
C:-nan	C:0.75
A:-nan	A:0.75
C:-nan	C:0.75
ATTTATTTTCTTTC:-nan	ATTTATTTTCTTTC:0.75
A:-nan	A:0.75
T:-nan	T:0.25
C:-nan	C:0.25
T:-nan	T:0.25
G:-nan	G:0.75
A:-nan	A:0
G:-nan	G:0.75
A:-nan	A:0.25
T:-nan	T:0.25
G:-nan	G:0.25
G:-nan	G:0.5
C:-nan	C:0.25
C:-nan	C:0
G:-nan	GA:0.75
A:-nan	A:0.5
T:-nan	T:0.75
A:-nan	A:0.75
G:-nan	G:0.75
C:-nan	C:0.25
T:-nan	T:0.25
G:-nan	G:0.25
G:-nan	G:0.75
T:-nan	T:0.75
T:-nan	T:0.75
C:-nan	C:0.75
C:-nan	C:0.75
A:-nan	A:0.75
G:-nan	G:0.75
T:-nan	T:0.75
C:-nan	C:0.75
C:-nan	C:0.75
C:-nan	C:0.75
A:-nan	A:0.75
A:-nan	A:0.75
A:-nan	A:0.5
T:-nan	T:0.75
T:-nan	T:0.75
T:-nan	T:0.75
G:-nan	G:0
T:-nan	T:0
G:-nan	G:0
G:-nan	G:0.75
T:-nan	T:0.75
C:-nan	C:0.25
T:-nan	T:0.25
C:-nan	C:0.25
T:-nan	T:0
A:-nan	A:0.25
C:-nan	C:0
C:-nan	C:0
G:-nan	G:0.25
T:-nan	T:0.75
A:-nan	A:0
G:-nan	G:0.25
A:-nan	A:0.25
A:-nan	A:0.25
A:-nan	A:0.25
A:-nan	A:0.75
A:-nan	A:0.5
G:-nan	G:0.25
G:-nan	G:0.25
G:-nan	G:0
T:-nan	T:0.25
G:-nan	G:0.25
T:-nan	T:0.75
C:-nan	C:0.25
A:-nan	A:0.75
T:-nan	T:0.75
C:-nan	C:0.75
G:-nan	G:0
C:-nan	C:0
C:-nan	C:0
T:-nan	T:0.75
T:-nan	T:0.25
T:-nan	T:0.25
T:-nan	T:0.25
A:-nan	A:0.25
A:-nan	A:0
A:-nan	A:0.25
C:-nan	C:0.25
G:-nan	G:0.75
A:-nan	A:0.25
T:-nan	T:0.25
T:-nan	T:0.25
C:-nan	C:0.25
G:-nan	G:0.25
G:-nan	G:0.25
T:-nan	T:0.5
T:-nan	T:0.75
C:-nan	C:0.75
A:-nan	A:0.75
G:-nan	G:0.25
C:-nan	C:0.25
G:-nan	G:0.25
C:-nan	C:0.25
T:-nan	T:0.25
G:-nan	G:0.25
G:-nan	G:0.25
A:-nan	A:0.75
T:-nan	T:0.25
T:-nan	T:0.25
C:-nan	C:0.25
A:-nan	A:0.75
T:-nan	T:0.75
G:-nan	G:0.25
G:-nan	G:0
T:-nan	T:0.75
C:-nan	C:0.25
T:-nan	T:0.75
C:-nan	C:0.5
G:-nan	G:0.5
A:-nan	A:0.25
A:-nan	A:0.75
A:-nan	A:0.75
A:-nan	A:0.5
T:-nan	T:0.75
G:-nan	G:0.75
C:-nan	C:0.75
T:-nan	T:0.75
C:-nan	C:0.25
C:-nan	C:0.25
C:-nan	C:0.25
G:-nan	G:0.25
A:-nan	A:0.25
T:-nan	T:0.25
G:-nan	G:0.25
A:-nan	A:0.25
T:-nan	T:0.25
C:-nan	C:0.25
A:-nan	A:0.25
A:-nan	A:0.75
C:-nan	C:0.75
G:-nan	G:0.75
G:-nan	G:0.75
G:-nan	G:0.75
C:-nan	C:0.75
C:-nan	C:0.75
C:-nan	C:0
A:-nan	A:0.75
A:-nan	A:0.75
C:-nan	C:0.75
T:-nan	T:0.25
A:-nan	A:0.25
A:-nan	A:0.25
G:-nan	G:0.75
A:-nan	A:0.75
A:-nan	A:0.75
T:-nan	T:0.75
G:-nan	G:0.25
C:-nan	C:0.75
G:-nan	G:0.75
T:-nan	T:0.75
G:-nan	G:0.75
T:-nan	T:0.75
A:-nan	A:0.75
A:-nan	A:0.75
C:-nan	C:0.25
C:-nan	C:0.25
A:-nan	A:0.75
T:-nan	T:0.75
G:-nan	G:0.75
G:-nan	G:0.25
G:-nan	G:0.25
T:-nan	T:0.75
T:-nan	T:0.75
T:-nan	T:0.75
C:-nan	C:0.75
C:-nan	C:0.75
A:-nan	A:0.75
T:-nan	T:0.75
A:-nan	A:0.75
G:-nan	G:0.25
T:-nan	T:0.75
C:-nan	C:0.5
C:-nan	C:0.75
T:-nan	T:0.75
G:-nan	G:0.75
GA:-nan	GA:0.75
C:-nan	C:0.75
T:-nan	T:0.75
C:-nan	C:0.75
C:-nan	C:0.75
T:-nan	T:0.75
T:-nan	T:0.75
C:-nan	C:0.75
C:-nan	C:0.75
T:-nan	T:0.75
C:-nan	C:0.75
C:-nan	C:0.75
G:-nan	G:0.75
G:-nan	G:0.75
A:-nan	A:0.75
T:-nan	T:0.75
T:-nan	T:0.75
A:-nan	A:0.75
G:-nan	G:0.75
G:-nan	G:0.75
T:-nan	T:0.75
G:-nan	G:0.75
CAT:-nan	CAT:0.75
C:-nan	C:0.75
A:-nan	A:0.75
A:-nan	A:0.75
G:-nan	G:0.75
T:-nan	T:0.75
C:-nan	C:0.75
T:-nan	T:0.75
T:-nan	T:0.25
A:-nan	A:0.25
T:-nan	T:0.25
A:-nan	A:0.25
C:-nan	C:0.25
G:-nan	G:0.25
C:-nan	C:0.25
G:-nan	G:0.25
T:-nan	T:0.75
G:-nan	G:0.25
T:-nan	T:0.75
T:-nan	T:0.75
C:-nan	C:0
G:-nan	G:0.5
G:-nan	G:0.5
C:-nan	C:0.5
G:-nan	G:0.25
A:-nan	A:0.75
T:-nan	T:0.75
C:-nan	C:0
A:-nan	A:0
C:-nan	C:0
T:-nan	T:0.75
G:-nan	G:0.75
T:-nan	T:0.75
T:-nan	T:0.75
A:-nan	A:0.75
G:-nan	G:0
A:-nan	A:0.75
C:-nan	C:0.75
G:-nan	G:0
G:-nan	G:0
G:-nan	G:0
C:-nan	C:0.75
C:-nan	C:0.75
A:-nan	A:0.75
C:-nan	C:0.25
T:-nan	T:0.75
A:-nan	A:0.75
C:-nan	C:0.75
A:-nan	A:0.75
C:-nan	C:0.75
G:-nan	G:0.75
G:-nan	G:0.25
G:-nan	G:0.75
C:-nan	C:0.25
A:-nan	A:0.25
AT:-nan	AT:0.5
G:-nan	G:0
C:-nan	C:0.25
T:-nan	T:0.25
A:-nan	A:0.25
C:-nan	C:0.25
A:-nan	A:0.25
T:-nan	T:0.25
A:-nan	A:0.25
A:-nan	A:0.25
A:-nan	A:0.25
C:-nan	C:0.25
A:-nan	A:0.25
T:-nan	T:0.25
A:-nan	A:0.25
C:-nan	C:0
C:-nan	C:0.25
A:-nan	A:0.25
C:-nan	C:0.5
C:-nan	C:0.75
T:-nan	T:0.75
T:-nan	T:0.75
T:-nan	T:0.75
G:-nan	G:0.25
G:-nan	G:0.25
G:-nan	G:0.75
A:-nan	A:0.75
G:-nan	G:0.25
C:-nan	C:0.25
A:-nan	A:0.25
A:-nan	A:0.75
C:-nan	C:0.25
C:-nan	C:0.5
A:-nan	A:0.75
C:-nan	C:0.25
A:-nan	A:0.25
C:-nan	C:0.25
C:-nan	C:0.25
C:-nan	C:0.75
G:-nan	G:0.75
C:-nan	C:0.75
T:-nan	T:0.75
T:-nan	T:0.75
G:-nan	G:0.75
C:-nan	C:0.25
C:-nan	C:0.25
T:-nan	T:0.25
A:-nan	A:0.25
T:-nan	T:0.75
T:-nan	T:0.75
T:-nan	T:0
T:-nan	T:0.75
A:-nan	A:0.75
T:-nan	T:0.25
C:-nan	C:0.75
T:-nan	T:0.75
T:-nan	T:0.25
C:-nan	C:0.25
T:-nan	T:0.75
A:-nan	A:0.75
T:-nan	T:0.75
A:-nan	A:0.25
AGTT:-nan	AGTT:0.75
G:-nan	G:0.75
C:-nan	C:0.75
C:-nan	C:0.75
C:-nan	C:0.25
C:-nan	C:0.25
A:-nan	A:0.25
A:-nan	A:0.25
G:-nan	G:0.75
C:-nan	C:0.25
T:-nan	T:0.25
A:-nan	A:0.25
A:-nan	A:0.25
G:-nan	G:0.25
G:-nan	G:0.75
G:-nan	G:0.75
G:-nan	G:0.75
A:-nan	A:0.75
C:-nan	C:0.75
T:-nan	T:0.75
G:-nan	G:0.75
G:-nan	G:0.75
G:-nan	G:0.75
A:-nan	A:0.75
A:-nan	A:0.75
C:-nan	C:0.75
A:-nan	A:0.75
C:-nan	C:0.75
G:-nan	G:0.75
A:-nan	A:0.25
G:-nan	G:0.75
A:-nan	A:0.75
C:-nan	C:0.5
C:-nan	C:0.75
G:-nan	G:0.25
G:-nan	G:0.75
T:-nan	T:0.75
T:-nan	T:0.75
C:-nan	C:0.75
G:-nan	G:0.75
C:-nan	C:0.25
A:-nan	A:0.75
G:-nan	G:0.75
G:-nan	G:0
G:-nan	G:0.25
C:-nan	C:0.5
T:-nan	T:0.75
G:-nan	G:0.75
G:-nan	G:0.75
G:-nan	G:0.75
G:-nan	G:0.75
C:-nan	C:0.75
A:-nan	A:0.75
G:-nan	G:0.75
A:-nan	A:0.75
C:-nan	C:0.25
C:-nan	C:0.75
C:-nan	C:0.25
G:-nan	G:0.75
T:-nan	T:0.75
G:-nan	G:0.25
T:-nan	T:0.25
T:-nan	T:0.75
T:-nan	T:0.75
A:-nan	A:0.75
G:-nan	G:0.75
G:-nan	G:0.75
A:-nan	A:0.75
A:-nan	A:0.75
C:-nan	C:0.75
A:-nan	A:0.75
C:-nan	C:0.75
A:-nan	A:0.75
A:-nan	A:0.75
C:-nan	C:0.75
C:-nan	C:0.25
G:-nan	G:0.25
G:-nan	G:0.25
G:-nan	G:0.75
C:-nan	C:0.75
T:-nan	T:0.75
G:-nan	G:0.75
T:-nan	T:0.75
T:-nan	T:0.75
A:-nan	A:0.75
G:-nan	G:0.75
C:-nan	C:0.75
C:-nan	C:0.75
T:-nan	T:0.75
G:-nan	G:0.75
G:-nan	G:0.75
T:-nan	T:0.75
C:-nan	C:0.75
C:-nan	C:0.75
A:-nan	A:0.75
T:-nan	T:0.75
A:-nan	A:0.75
T:-nan	T:0.75
G:-nan	G:0.25
T:-nan	T:0
A:-nan	A:0.75
G:-nan	G:0.75
C:-nan	C:0
T:-nan	T:0.75
C:-nan	C:0.75
G:-nan	G:0.75
C:-nan	C:0.75
T:-nan	T:0.75
CT:-nan	CT:0.25
TG:-nan	TG:0.25
T:-nan	T:0.25
C:-nan	C:0.25
A:-nan	A:0.75
C:-nan	C:0.25
T:-nan	T:0.75
T:-nan	T:0.75
C:-nan	C:0.75
G:-nan	G:0.75
C:-nan	C:0.75
C:-nan	C:0.75
T:-nan	T:0.75
T:-nan	T:0.25
A:-nan	A:0
G:-nan	G:0.25
T:-nan	T:0.75
T:-nan	T:0.25
G:-nan	G:0.25
G:-nan	G:0.25
C:-nan	C:0.25
G:-nan	G:0.25
T:-nan	T:0.25
G:-nan	G:0.25
T:-nan	T:0.25
G:-nan	G:0.75
C:-nan	C:0.75
A:-nan	A:0.25
C:-nan	C:0.25
A:-nan	A:0
A:-nan	A:0.75
G:-nan	G:0.75
C:-nan	C:0.75
G:-nan	G:0.75
T:-nan	T:0.25
C:-nan	C:0
C:-nan	C:0.75
T:-nan	T:0.75
T:-nan	T:0.75
T:-nan	T:0.75
G:-nan	G:0.75
C:-nan	C:0.75
G:-nan	G:0.75
A:-nan	A:0
T:-nan	T:0.75
A:-nan	A:0.75
G:-nan	G:0.75
T:-nan	T:0.75
C:-nan	C:0.25
A:-nan	A:0.25
G:-nan	G:0.5
A:-nan	A:0.75
G:-nan	G:0.75
G:-nan	G:0.75
C:-nan	C:0.25
T:-nan	T:0.25
T:-nan	T:0.75
G:-nan	G:0.25
C:-nan	C:0.75
A:-nan	A:0.75
A:-nan	A:0.25
T:-nan	T:0.75
C:-nan	C:0.75
C:-nan	C:0.25
G:-nan	G:0.25
C:-nan	C:0.75
G:-nan	G:0.25
G:-nan	G:0.75
G:-nan	G:0.75
G:-nan	G:0.75
G:-nan	G:0.75
C:-nan	C:0.75
T:-nan	T:0.75
T:-nan	T:0.75
T:-nan	T:0.75
C:-nan	C:0.75
C:-nan	C:0.75
C:-nan	C:0.75
C:-nan	C:0.75
C:-nan	C:0.75
T:-nan	T:0.75
C:-nan	C:0.75
C:-nan	C:0.75
T:-nan	T:0.75
C:-nan	C:0.75
T:-nan	T:0.25
G:-nan	G:0.75
C:-nan	C:0.25
A:-nan	A:0.25
T:-nan	T:0.25
G:-nan	G:0.25
G:-nan	G:0.25
C:-nan	C:0.25
T:-nan	T:0
G:-nan	G:0.75
C:-nan	C:0.75
G:-nan	G:0.75
C:-nan	C:0.75
G:-nan	G:0.75
A:-nan	A:0.75
A:-nan	A:0.75
A:-nan	A:0.75
A:-nan	A:0.75
C:-nan	C:0.75
T:-nan	T:0.75
A:-nan	A:0.75
T:-nan	T:0.75
C:-nan	C:0.75
T:-nan	T:0.75
C:-nan	C:0.75
T:-nan	T:0.25
C:-nan	C:0.75
A:-nan	A:0.75
A:-nan	A:0.75
T:-nan	T:0.75
T:-nan	T:0.75
A:-nan	A:0.75
C:-nan	C:0.25
A:-nan	A:0.75
G:-nan	G:0.75
T:-nan	T:0.75
G:-nan	G:0.75
G:-nan	G:0.75
T:-nan	T:0.75
A:-nan	A:0.25
C:-nan	C:0.25
G:-nan	G:0.75
A:-nan	A:0.75
T:-nan	T:0.75
T:-nan	T:0.75
C:-nan	C:0.75
T:-nan	T:0.75
G:-nan	G:0.25
C:-nan	C:0.75
T:-nan	T:0.75
A:-nan	A:0.75
C:-nan	C:0.75
C:-nan	C:0
T:-nan	T:0.75
G:-nan	G:0.75
G:-nan	G:0.75
T:-nan	T:0.75
C:-nan	C:0.75
T:-nan	T:0.75
T:-nan	T:0.25
C:-nan	C:0.25
G:-nan	G:0.75
T:-nan	T:0.75
A:-nan	A:0.75
T:-nan	T:0.75
G:-nan	G:0.75
T:-nan	T:0.75
G:-nan	G:0.25
G:-nan	G:0.25
A:-nan	A:0.25
G:-nan	G:0.75
T:-nan	T:0.5
G:-nan	G:0.25
C:-nan	C:0.75
G:-nan	G:0.25
AATT:-nan	AATT:0
A:-nan	A:0.5
T:-nan	T:0.5
G:-nan	G:0.75
G:-nan	G:0.75
T:-nan	T:0.25
G:-nan	G:0.75
C:-nan	C:0.75
C:-nan	C:0.25
A:-nan	A:0.75
G:-nan	G:0.75
G:-nan	G:0.75
A:-nan	A:0.5
A:-nan	A:0.75
A:-nan	A:0.75
T:-nan	T:0.75
A:-nan	A:0.75
G:-nan	G:0
T:-nan	T:0.5
C:-nan	C:0.5
C:-nan	C:0.5
A:-nan	A:0.75
G:-nan	G:0.75
A:-nan	A:0.75
C:-nan	C:0.75
T:-nan	T:0.75
G:-nan	G:0.75
A:-nan	A:0.75
G:-nan	G:0.5
A:-nan	A:0.5
C:-nan	C:0.75
C:-nan	C:0.75
A:-nan	A:0.25
T:-nan	T:0.25
C:-nan	C:0.25
T:-nan	T:0.25
C:-nan	C:0.25
T:-nan	T:0.75
A:-nan	A:0.75
G:-nan	G:0.25
AAGG:-nan	AAGG:0.25
C:-nan	C:0.75
A:-nan	A:0.75
A:-nan	A:0.75
T:-nan	T:0.75
G:-nan	G:0
T:-nan	T:0
G:-nan	G:0.25
A:-nan	A:0.75
C:-nan	C:0.25
C:-nan	C:0.25
C:-nan	C:0.5
C:-nan	C:0.5
T:-nan	T:0.75
A:-nan	A:0.5
G:-nan	G:0.75
A:-nan	A:0.5
C:-nan	C:0.5
C:-nan	C:0.75
G:-nan	G:0.25
C:-nan	C:0.75
G:-nan	G:0.75
T:-nan	T:0
G:-nan	G:0.75
T:-nan	T:0.75
A:-nan	A:0.75
T:-nan	T:0.75
C:-nan	C:0.75
A:-nan	A:0.75
T:-nan	T:0.75
G:-nan	G:0.75
T:-nan	T:0.75
G:-nan	G:0.75
C:-nan	C:0.75
A:-nan	A:0.75
G:-nan	G:0.75
G:-nan	G:0.75
G:-nan	G:0.75
G:-nan	G:0.75
G:-nan	G:0.75
A:-nan	A:0.75
T:-nan	T:0.75
T:-nan	T:0.25
C:-nan	C:0.25
C:-nan	C:0.75
C:-nan	C:0.25
G:-nan	G:0.75
G:-nan	G:0.25
G:-nan	G:0.25
C:-nan	C:0.25
A:-nan	A:0.25
A:-nan	A:0.75
C:-nan	C:0.25
A:-nan	A:0.25
C:-nan	C:0.25
CTCTG:-nan	CTCTG:0.75
C:-nan	C:0.25
T:-nan	T:0
CA:-nan	CA:0.75
A:-nan	A:0.25
TA:-nan	TA:0.25
C:-nan	C:0.75
T:-nan	T:0.75
C:-nan	C:0.75
A:-nan	A:0.75
G:-nan	G:0.5
A:-nan	A:0.75
A:-nan	A:0.75
T:-nan	T:0.75
T:-nan	T:0.5
A:-nan	A:0.25
T:-nan	T:0.25
T:-nan	T:0.25
T:-nan	T:0.25
G:-nan	G:0.25
C:-nan	C:0.25
C:-nan	C:0.25
G:-nan	G:0
C:-nan	C:0.25
A:-nan	A:0.25
T:-nan	T:0.25
G:-nan	G:0.25
T:-nan	T:0.25
G:-nan	G:0.25
G:-nan	G:0.25
T:-nan	T:0.25
G:-nan	G:0
C:-nan	C:0.75
C:-nan	C:0.25
C:-nan	C:0.25
C:-nan	C:0.5
C:-nan	C:0.5
C:-nan	C:0.75
G:-nan	G:0.75
T:-nan	T:0.75
T:-nan	T:0.75
GC:-nan	GC:0
C:-nan	C:0
T:-nan	T:0.75
C:-nan	C:0.25
G:-nan	G:0
G:-nan	G:0.75
C:-nan	C:0.75
A:-nan	A:0.75
T:-nan	T:0.75
T:-nan	T:0.75
C:-nan	C:0
A:-nan	A:0
C:-nan	C:0.75
G:-nan	G:0.75
G:-nan	G:0.75
A:-nan	A:0.75
T:-nan	T:0.75
G:-nan	G:0.75
T:-nan	T:0.75
T:-nan	T:0.75
G:-nan	G:0.75
G:-nan	G:0.75
G:-nan	G:0.75
T:-nan	T:0.75
A:-nan	A:0.75
A:-nan	A:0.75
G:-nan	G:0.75
G:-nan	G:0.75
G:-nan	G:0.75
C:-nan	C:0.25
G:-nan	G:0.75
A:-nan	A:0.75
T:-nan	T:0.5
C:-nan	C:0.75
G:-nan	G:0.75
G:-nan	G:0.75
C:-nan	C:0.75
G:-nan	G:0.25
C:-nan	C:0.25
G:-nan	G:0.25
C:-nan	C:0.25
G:-nan	G:0.25
C:-nan	C:0.75
A:-nan	A:0.25
G:-nan	G:0.75
T:-nan	T:0.75
G:-nan	G:0.75
C:-nan	C:0.75
C:-nan	C:0.75
C:-nan	C:0.75
A:-nan	A:0.75
G:-nan	G:0.25
C:-nan	C:0
A:-nan	A:0.25
T:-nan	T:0.25
G:-nan	G:0.25
T:-nan	T:0.25
T:-nan	T:0.25
G:-nan	G:0.25
C:-nan	C:0.25
G:-nan	G:0.25
C:-nan	C:0.25
T:-nan	T:0.75
A:-nan	A:0.75
G:-nan	G:0.75
C:-nan	C:0
T:-nan	T:0.25
T:-nan	T:0.75
A:-nan	A:0.75
A:-nan	A:0
A:-nan	A:0.75
G:-nan	G:0.75
G:-nan	G:0.75
A:-nan	A:0.75
A:-nan	A:0
G:-nan	G:0.25
A:-nan	A:0.25
C:-nan	C:0.25
A:-nan	A:0.25
C:-nan	C:0.25
A:-nan	A:0
G:-nan	G:0.25
C:-nan	C:0.25
G:-nan	G:0.25
A:-nan	A:0.25
C:-nan	C:0.25
T:-nan	T:0.25
T:-nan	T:0.25
T:-nan	T:0.25
A:-nan	A:0.75
A:-nan	A:0.75
G:-nan	G:0.25
A:-nan	A:0.75
T:-nan	T:0.75
G:-nan	G:0.75
G:-nan	G:0.75
G:-nan	G:0.75
G:-nan	G:0.75
A:-nan	A:0.75
G:-nan	G:0.75
C:-nan	C:0.75
A:-nan	A:0.75
A:-nan	A:0.5
T:-nan	T:0.5
A:-nan	A:0.75
C:-nan	C:0.25
T:-nan	T:0.75
A:-nan	A:0.25
A:-nan	A:0.25
A:-nan	A:0.25
G:-nan	G:0
T:-nan	T:0.25
C:-nan	C:0.25
C:-nan	C:0.25
C:-nan	C:0.25
C:-nan	C:0.25
C:-nan	C:0.25
G:-nan	G:0.75
T:-nan	T:0.75
G:-nan	G:0.25
A:-nan	A:0.75
C:-nan	C:0.75
T:-nan	T:0.75
T:-nan	T:0.75
C:-nan	C:0.75
G:-nan	G:0.25
A:-nan	A:0.75
A:-nan	A:0.5
C:-nan	C:0.75
C:-nan	C:0.75
A:-nan	A:0.25
G:-nan	G:0.75
G:-nan	G:0.75
T:-nan	T:0.75
T:-nan	T:0.75
C:-nan	C:0.75
T:-nan	T:0.75
G:-nan	G:0.75
C:-nan	C:0.75
G:-nan	G:0
T:-nan	T:0.75
T:-nan	T:0
C:-nan	C:0.75
G:-nan	G:0.75
T:-nan	T:0.75
G:-nan	G:0.25
A:-nan	A:0.25
C:-nan	C:0.25
C:-nan	C:0.25
G:-nan	G:0.25
C:-nan	C:0.75
C:-nan	C:0.75
C:-nan	C:0.75
A:-nan	A:0.75
T:-nan	T:0.75
G:-nan	G:0.75
T:-nan	T:0.75
A:-nan	A:0.75
C:-nan	C:0.75
C:-nan	C:0.75
G:-nan	G:0.75
G:-nan	G:0.75
T:-nan	T:0.75
T:-nan	T:0.75
T:-nan	T:0.75
G:-nan	G:0.25
A:-nan	A:0.25
T:-nan	T:0.75
T:-nan	T:0.75
C:-nan	C:0.5
A:-nan	A:0.75
C:-nan	C:0.75
T:-nan	T:0.75
C:-nan	C:0.75
A:-nan	A:0.75
A:-nan	A:0.75
G:-nan	G:0.5
A:-nan	A:0.5
G:-nan	G:0.75
A:-nan	A:0.75
A:-nan	A:0.75
C:-nan	C:0.75
A:-nan	A:0.75
G:-nan	G:0.75
A:-nan	A:0.75
A:-nan	A:0.75
A:-nan	A:0.75
A:-nan	A:0.75
C:-nan	C:0.75
A:-nan	A:0.75
A:-nan	A:0.25
T:-nan	T:0.75
A:-nan	A:0.75
GGA:-nan	GGA:0.75
T:-nan	T:0.75
G:-nan	G:0.75
T:-nan	T:0.75
C:-nan	C:0.75
CGGAAGGA:-nan	CGGAAGGA:0.25
G:-nan	G:0.75
G:-nan	G:0.75
G:-nan	G:0.25
G:-nan	G:0.75
G:-nan	G:0.75
T:-nan	T:0.75
T:-nan	T:0.75
A:-nan	A:0.75
C:-nan	C:0
G:-nan	G:0
A:-nan	A:0.75
A:-nan	A:0.75
T:-nan	T:0.75
G:-nan	G:0.5
C:-nan	C:0.75
G:-nan	G:0.5
A:-nan	A:0.75
T:-nan	T:0.75
T:-nan	T:0.75
G:-nan	G:0.75
G:-nan	G:0.75
G:-nan	G:0.25
G:-nan	G:0.25
A:-nan	A:0.25
T:-nan	T:0.75
A:-nan	A:0.25
G:-nan	G:0.25
C:-nan	C:0.25
C:-nan	C:0.25
TG:-nan	TG:0.75
C:-nan	C:0.75
T:-nan	T:0.75
A:-nan	A:0.75
T:-nan	T:0.75
G:-nan	G:0.75
G:-nan	G:0.75
C:-nan	C:0
T:-nan	T:0
T:-nan	T:0.75
A:-nan	A:0.75
T:-nan	T:0.75
A:-nan	A:0
G:-nan	G:0.75
T:-nan	T:0.75
G:-nan	G:0.75
C:-nan	C:0.75
C:-nan	C:0.75
CT:-nan	CT:0.75
G:-nan	G:0.75
C:-nan	C:0.75
CCCTT:-nan	CCCTT:0.75
A:-nan	A:0.75
G:-nan	G:0.75
A:-nan	A:0.75
G:-nan	G:0.75
A:-nan	A:0.25
A:-nan	A:0.75
A:-nan	A:0.25
G:-nan	G:0.75
C:-nan	C:0.75
G:-nan	G:0.75
A:-nan	A:0.75
A:-nan	A:0.75
T:-nan	T:0.75
G:-nan	G:0.75
G:-nan	G:0.75
G:-nan	G:0.75
C:-nan	C:0.5
G:-nan	G:0.25
T:-nan	T:0.25
C:-nan	C:0
G:-nan	G:0.25
G:-nan	G:0.25
G:-nan	G:0.25
A:-nan	A:0
T:-nan	T:0.25
G:-nan	G:0.25
G:-nan	G:0.25
A:-nan	A:0.25
C:-nan	C:0.25
T:-nan	T:0.5
C:-nan	C:0.25
T:-nan	T:0.25
A:-nan	A:0.25
C:-nan	C:0.25
G:-nan	G:0.25
CA:-nan	CA:0.25
A:-nan	A:0.25
A:-nan	A:0.25
C:-nan	C:0.25
C:-nan	C:0.25
A:-nan	A:0.25
A:-nan	A:0.25
G:-nan	G:0.75
C:-nan	C:0
G:-nan	G:0.75
C:-nan	C:0.75
C:-nan	C:0.25
C:-nan	C:0.25
C:-nan	C:0.25
G:-nan	G:0.25
T:-nan	T:0.75
C:-nan	C:0.75
C:-nan	C:0.75
C:-nan	C:0.75
C:-nan	C:0.75
C:-nan	C:0.75
T:-nan	T:0.25
G:-nan	G:0.75
T:-nan	T:0.75
A:-nan	A:0.75
A:-nan	A:0.75
G:-nan	G:0.75
A:-nan	A:0.75
A:-nan	A:0.75
C:-nan	C:0.75
T:-nan	T:0.75
A:-nan	A:0.75
C:-nan	C:0
T:-nan	T:0.75
TA:-nan	TA:0.75
A:-nan	A:0.75
CT:-nan	CT:0.25
T:-nan	T:0.25
C:-nan	C:0.75
G:-nan	G:0.25
A:-nan	A:0.75
A:-nan	A:0.75
G:-nan	G:0.75
C:-nan	C:0.75
A:-nan	A:0.75
C:-nan	C:0.75
T:-nan	T:0.75
G:-nan	G:0.75
A:-nan	A:0.25
C:-nan	C:0.25
T:-nan	T:0.25
A:-nan	A:0.75
C:-nan	C:0.75
A:-nan	A:0.75
A:-nan	A:0.25
G:-nan	G:0.25
C:-nan	C:0.25
T:-nan	T:0.25
G:-nan	G:0.25
C:-nan	C:0.25
G:-nan	G:0.75
G:-nan	G:0.25
T:-nan	T:0.25
C:-nan	C:0.75
C:-nan	C:0.75
G:-nan	G:0.75
T:-nan	T:0.75
T:-nan	T:0.25
TA:-nan	TA:0.75
A:-nan	A:0.75
C:-nan	C:0.75
A:-nan	A:0.75
T:-nan	T:0.75
G:-nan	G:0.75
G:-nan	G:0.75
C:-nan	C:0
G:-nan	G:0.75
A:-nan	A:0.75
C:-nan	C:0.75
T:-nan	T:0
T:-nan	T:0.5
G:-nan	G:0.75
A:-nan	A:0.75
C:-nan	C:0.75
G:-nan	G:0.75
C:-nan	C:0.75
C:-nan	C:0.75
C:-nan	C:0.75
A:-nan	A:0.75
A:-nan	A:0.75
T:-nan	T:0.75
G:-nan	G:0
A:-nan	A:0.75
C:-nan	C:0.75
T:-nan	T:0.75
C:-nan	C:0.25
G:-nan	G:0.25
T:-nan	T:0.25
G:-nan	G:0.25
A:-nan	A:0.25
G:-nan	G:0.75
G:-nan	G:0.75
G:-nan	G:0.75
C:-nan	C:0.75
A:-nan	A:0.75
T:-nan	T:0.75
C:-nan	C:0.75
T:-nan	T:0.75
A:-nan	A:0.75
C:-nan	C:0.75
A:-nan	A:0.75
G:-nan	G:0.75
T:-nan	T:0.75
C:-nan	C:0.75
C:-nan	C:0.25
A:-nan	A:0.75
G:-nan	G:0.75
G:-nan	G:0.75
CT:-nan	CT:0.75
C:-nan	C:0.75
A:-nan	A:0.25
A:-nan	A:0.25
A:-nan	A:0.25
TC:-nan	TC:0.25
C:-nan	C:0.25
T:-nan	T:0.25
T:-nan	T:0.75
C:-nan	C:0.75
A:-nan	A:0.75
G:-nan	G:0.75
G:-nan	G:0.25
G:-nan	G:0.25
G:-nan	G:0.25
A:-nan	A:0.25
G:-nan	G:0.25
G:-nan	G:0.25
G:-nan	G:0
G:-nan	G:0.25
C:-nan	C:0.75
T:-nan	T:0.75
G:-nan	G:0.75
G:-nan	G:0.75
G:-nan	G:0.75
C:-nan	C:0.75
T:-nan	T:0.75
T:-nan	T:0.75
C:-nan	C:0.75
G:-nan	G:0.75
C:-nan	C:0.25
C:-nan	C:0.75
G:-nan	G:0.25
A:-nan	A:0.75
G:-nan	G:0.75
A:-nan	A:0.75
C:-nan	C:0.75
C:-nan	C:0.5
G:-nan	G:0.25
C:-nan	C:0
C:-nan	C:0.75
GGCCCGGGAA:-nan	GGCCCGGGAA:0.25
T:-nan	T:0.75
C:-nan	C:0.75
C:-nan	C:0.75
G:-nan	G:0.75
G:-nan	G:0.75
C:-nan	C:0.25
G:-nan	G:0.75
G:-nan	G:0.75
G:-nan	G:0.75
CAAAT:-nan	CAAAT:0.75
T:-nan	T:0.75
T:-nan	T:0.75
A:-nan	A:0.75
A:-nan	A:0.75
A:-nan	A:0.75
A:-nan	A:0.75
C:-nan	C:0.75
G:-nan	G:0.75
C:-nan	C:0.75
T:-nan	T:0.75
G:-nan	G:0.75
T:-nan	T:0.75
T:-nan	T:0.75
T:-nan	T:0.75
T:-nan	T:0.75
A:-nan	A:0.75
G:-nan	G:0.75
A:-nan	A:0.75
C:-nan	C:0.75
C:-nan	C:0.75
C:-nan	C:0.75
C:-nan	C:0.75
A:-nan	A:0.75
C:-nan	C:0.75
T:-nan	T:0.75
C:-nan	C:0.5
C:-nan	C:0.75
A:-nan	A:0.75
C:-nan	C:0.75
G:-nan	G:0.75
T:-nan	T:0.75
C:-nan	C:0.75
A:-nan	A:0.75
G:-nan	G:0.75
G:-nan	G:0.75
C:-nan	C:0.75
A:-nan	A:0.75
T:-nan	T:0.75
G:-nan	G:0.75
A:-nan	A:0.75
G:-nan	G:0.75
A:-nan	A:0.75
T:-nan	T:0.75
A:-nan	A:0.75
T:-nan	T:0.75
C:-nan	C:0.75
A:-nan	A:0.75
G:-nan	G:0.75
G:-nan	G:0.75
C:-nan	C:0
T:-nan	T:0.5
G:-nan	G:0.5
T:-nan	T:0.5
G:-nan	G:0.5
C:-nan	C:0.5
T:-nan	T:0.75
C:-nan	C:0
A:-nan	A:0.75
C:-nan	C:0.75
A:-nan	A:0.75
C:-nan	C:0
GTC:-nan	GTC:0.75
A:-nan	A:0.25
A:-nan	A:0.25
A:-nan	A:0.25
A:-nan	A:0.25
A:-nan	A:0.25
A:-nan	A:0.25
T:-nan	T:0.25
T:-nan	T:0.25
T:-nan	T:0.25
C:-nan	C:0.75
T:-nan	T:0.25
T:-nan	T:0.75
G:-nan	G:0.25
C:-nan	C:0.25
G:-nan	G:0.25
A:-nan	A:0.25
G:-nan	G:0.25
G:-nan	G:0.75
C:-nan	C:0.75
G:-nan	G:0.25
G:-nan	G:0.25
G:-nan	G:0.75
G:-nan	G:0.75
G:-nan	G:0.75
G:-nan	G:0.75
G:-nan	G:0
C:-nan	C:0.25
TCTC:-nan	TCTC:0.25
T:-nan	T:0.25
A:-nan	A:0.75
C:-nan	C:0
C:-nan	C:0.25
T:-nan	T:0
A:-nan	A:0.75
T:-nan	T:0.75
G:-nan	G:0.75
T:-nan	T:0.75
T:-nan	T:0.75
A:-nan	A:0.75
T:-nan	T:0.75
G:-nan	G:0.5
T:-nan	T:0.75
G:-nan	G:0.75
A:-nan	A:0
C:-nan	C:0.25
C:-nan	C:0.75
C:-nan	C:0.75
A:-nan	A:0
T:-nan	T:0.75
G:-nan	G:0
T:-nan	T:0
C:-nan	C:0
A:-nan	A:0.25
G:-nan	G:0.25
G:-nan	G:0.25
G:-nan	G:0.25
T:-nan	T:0.75
T:-nan	T:0.75
G:-nan	G:0.75
A:-nan	A:0.75
G:-nan	G:0.75
G:-nan	G:0.75
C:-nan	C:0.5
G:-nan	G:0.25
G:-nan	G:0.25
A:-nan	A:0.25
G:-nan	G:0.75
T:-nan	T:0.75
T:-nan	T:0.75
T:-nan	T:0.75
G:-nan	G:0.75
G:-nan	G:0.5
G:-nan	G:0.75
C:-nan	C:0.75
T:-nan	T:0.75
C:-nan	C:0.75
T:-nan	T:0
G:-nan	G:0.25
T:-nan	T:0.75
G:-nan	G:0.75
A:-nan	A:0.75
A:-nan	A:0.75
T:-nan	T:0.75
C:-nan	C:0.75
G:-nan	G:0.75
C:-nan	C:0.75
T:-nan	T:0.25
T:-nan	T:0
G:-nan	G:0.75
T:-nan	T:0.75
G:-nan	G:0.25
C:-nan	C:0.75
T:-nan	T:0.75
T:-nan	T:0.25
T:-nan	T:0.25
A:-nan	A:0.5
A:-nan	A:0
T:-nan	T:0.25
G:-nan	G:0.25
G:-nan	G:0.25
T:-nan	T:0.25
G:-nan	G:0.25
A:-nan	A:0.25
A:-nan	A:0.25
C:-nan	C:0
A:-nan	A:0.25
T:-nan	T:0.75
T:-nan	T:0.25
C:-nan	C:0.25
A:-nan	A:0.25
A:-nan	A:0.75
A:-nan	A:0.75
C:-nan	C:0.75
A:-nan	A:0.75
C:-nan	C:0.25
C:-nan	C:0.75
T:-nan	T:0
C:-nan	C:0.25
G:-nan	G:0.75
T:-nan	T:0.75
A:-nan	A:0.75
C:-nan	C:0.75
A:-nan	A:0.75
C:-nan	C:0.75
G:-nan	G:0.75
G:-nan	G:0.75
A:-nan	A:0.75
A:-nan	A:0.75
T:-nan	T:0.75
G:-nan	G:0.75
G:-nan	G:0.75
G:-nan	G:0.75
G:-nan	G:0.75
T:-nan	T:0.75
C:-nan	C:0.25
T:-nan	T:0.75
A:-nan	A:0.75
A:-nan	A:0.75
A:-nan	A:0.75
A:-nan	A:0.75
G:-nan	G:0.75
C:-nan	C:0.75
C:-nan	C:0.75
T:-nan	T:0.75
G:-nan	G:0.25
G:-nan	G:0.25
T:-nan	T:0
A:-nan	A:0
G:-nan	G:0.25
T:-nan	T:0.25
C:-nan	C:0.25
A:-nan	A:0.25
T:-nan	T:0.25
T:-nan	T:0.25
C:-nan	C:0.25
C:-nan	C:0.25
C:-nan	C:0.25
G:-nan	G:0.25
T:-nan	T:0.25
G:-nan	G:0.25
C:-nan	C:0.25
T:-nan	T:0.25
T:-nan	T:0.75
G:-nan	G:0.75
A:-nan	A:0.75
C:-nan	C:0.75
C:-nan	C:0.75
G:-nan	G:0.75
A:-nan	A:0.75
G:-nan	G:0.75
A:-nan	A:0.75
T:-nan	T:0
T:-nan	T:0
G:-nan	G:0.25
G:-nan	G:0.75
A:-nan	A:0.75
C:-nan	C:0.75
C:-nan	C:0.75
C:-nan	C:0.75
A:-nan	A:0.75
A:-nan	A:0.75
C:-nan	C:0.75
C:-nan	C:0.75
C:-nan	C:0.75
C:-nan	C:0.75
C:-nan	C:0.75
C:-nan	C:0.75
C:-nan	C:0.75
G:-nan	G:0.75
C:-nan	C:0.75
G:-nan	G:0.25
C:-nan	C:0
TC:-nan	TC:0.25
T:-nan	T:0.25
G:-nan	G:0.25
G:-nan	G:0.25
G:-nan	G:0.25
T:-nan	T:0.25
G:-nan	G:0.25
C:-nan	C:0.75
G:-nan	G:0.75
C:-nan	C:0.25
TGGAAAGTTAGGGTCACCG:-nan	TGGAAAGTTAGGGTCACCG:0.25
C:-nan	C:0.25
C:-nan	C:0.25
C:-nan	C:0.75
C:-nan	C:0.25
G:-nan	G:0.75
C:-nan	C:0.75
G:-nan	G:0.75
A:-nan	A:0.75
G:-nan	G:0.5
T:-nan	T:0.5
T:-nan	T:0.5
G:-nan	G:0.75
T:-nan	T:0.75
A:-nan	A:0.75
A:-nan	A:0.25
G:-nan	G:0.75
G:-nan	G:0.75
G:-nan	G:0.5
A:-nan	A:0.75
C:-nan	C:0.25
C:-nan	C:0.25
G:-nan	G:0.25
T:-nan	T:0.25
A:-nan	A:0.75
C:-nan	C:0.75
C:-nan	C:0.25
T:-nan	T:0.25
A:-nan	A:0.75
T:-nan	T:0.75
G:-nan	G:0.75
A:-nan	A:0.75
A:-nan	A:0.75
G:-nan	G:0.25
G:-nan	G:0.25
G:-nan	G:0.25
T:-nan	T:0.75
G:-nan	G:0.75
G:-nan	G:0.75
T:-nan	T:0.75
A:-nan	A:0.75
G:-nan	G:0.75
G:-nan	G:0.75
A:-nan	A:0.75
A:-nan	A:0.75
T:-nan	T:0.75
A:-nan	A:0.25
A:-nan	A:0.25
T:-nan	T:0.75
G:-nan	G:0.75
T:-nan	T:0.75
A:-nan	A:0.25
A:-nan	A:0.25
A:-nan	A:0.25
C:-nan	C:0.25
T:-nan	T:0.25
C:-nan	C:0.25
A:-nan	A:0.25
G:-nan	G:0.75
AT:-nan	AT:0.75
G:-nan	G:0.75
C:-nan	C:0.5
T:-nan	T:0.75
T:-nan	T:0.75
C:-nan	C:0.75
C:-nan	C:0.75
C:-nan	C:0.25
G:-nan	G:0.25
C:-nan	C:0.25
G:-nan	G:0.75
G:-nan	G:0
C:-nan	C:0.25
T:-nan	T:0.25
T:-nan	T:0.25
C:-nan	C:0.25
G:-nan	G:0.25
G:-nan	G:0.25
T:-nan	T:0.25
AT:-nan	AT:0.25
T:-nan	T:0.25
G:-nan	G:0.25
C:-nan	C:0.25
T:-nan	T:0.75
G:-nan	G:0.75
A:-nan	A:0.25
T:-nan	T:0.25
T:-nan	T:0.75
G:-nan	G:0.25
A:-nan	A:0.25
A:-nan	A:0.75
G:-nan	G:0.75
A:-nan	A:0.75
T:-nan	T:0.75
T:-nan	T:0.75
T:-nan	T:0.75
T:-nan	T:0.25
A:-nan	A:0.75
A:-nan	A:0.25
G:-nan	G:0.5
A:-nan	A:0.75
T:-nan	T:0.75
T:-nan	T:0.75
A:-nan	A:0.75
T:-nan	T:0.75
A:-nan	A:0.75
G:-nan	G:0.75
G:-nan	G:0.75
T:-nan	T:0.25
A:-nan	A:0.25
A:-nan	A:0
A:-nan	A:0.75
G:-nan	G:0.75
C:-nan	C:0.75
T:-nan	T:0.75
C:-nan	C:0.75
G:-nan	G:0.75
C:-nan	C:0.5
T:-nan	T:0.75
T:-nan	T:0
G:-nan	G:0.75
C:-nan	C:0.75
A:-nan	A:0.75
A:-nan	A:0.75
T:-nan	T:0.75
T:-nan	T:0.75
G:-nan	G:0.75
A:-nan	A:0.75
T:-nan	T:0.75
A:-nan	A:0.75
G:-nan	G:0.75
C:-nan	C:0.75
G:-nan	G:0.75
C:-nan	C:0.75
A:-nan	A:0.25
C:-nan	C:0.75
A:-nan	A:0.75
C:-nan	C:0
A:-nan	A:0.25
C:-nan	C:0.25
A:-nan	A:0.75
C:-nan	C:0
G:-nan	G:0.25
C:-nan	C:0.25
G:-nan	G:0
A:-nan	A:0.75
G:-nan	G:0.75
T:-nan	T:0.75
G:-nan	G:0.75
T:-nan	T:0.75
G:-nan	G:0.75
C:-nan	C:0.75
A:-nan	A:0.75
T:-nan	T:0.75
T:-nan	T:0.75
G:-nan	G:0.75
C:-nan	C:0.75
G:-nan	G:0.75
C:-nan	C:0.75
C:-nan	C:0.75
T:-nan	T:0.75
CT:-nan	CTT:0.75
C:-nan	C:0.75
C:-nan	C:0.75
C:-nan	C:0.75
C:-nan	C:0.75
TAAGTAA:-nan	TAAGTAA:0.75
G:-nan	G:0.75
C:-nan	C:0.75
A:-nan	A:0.75
C:-nan	C:0.75
C:-nan	C:0.75
T:-nan	T:0.75
T:-nan	T:0.25
G:-nan	G:0
G:-nan	G:0
A:-nan	A:0.75
G:-nan	G:0.75
A:-nan	A:0.25
A:-nan	A:0.25
T:-nan	T:0.25
A:-nan	A:0.75
C:-nan	CT:0.75
C:-nan	CT:0.75
C:-nan	CT:0.75
C:-nan	CT:0.75
C:-nan	C:0.75
T:-nan	T:0.75
C:-nan	C:0
T:-nan	T:0.75
T:-nan	T:0.75
G:-nan	G:0.75
T:-nan	T:0.75
C:-nan	C:0.75
T:-nan	T:0.75
A:-nan	A:0.5
C:-nan	C:0
T:-nan	T:0.25
A:-nan	A:0
T:-nan	T:0.5
A:-nan	A:0.75
C:-nan	C:0.75
C:-nan	C:0.75
A:-nan	A:0.75
G:-nan	G:0.75
C:-nan	C:0.75
A:-nan	A:0.75
T:-nan	T:0.25
G:-nan	G:0.25
T:-nan	T:0.25
C:-nan	C:0.25
C:-nan	C:0.25
G:-nan	G:0.25
C:-nan	C:0
T:-nan	T:0.25
A:-nan	A:0.25
T:-nan	T:0.25
C:-nan	C:0.75
T:-nan	T:0.75
G:-nan	G:0.75
C:-nan	C:0.75
A:-nan	A:0.5
T:-nan	T:0.5
A:-nan	A:0.75
C:-nan	C:0.5
G:-nan	G:0.5
C:-nan	C:0.25
G:-nan	G:0
G:-nan	G:0.75
G:-nan	G:0.75
G:-nan	G:0.75
C:-nan	C:0.5
C:-nan	C:0.75
T:-nan	T:0.75
A:-nan	A:0.5
C:-nan	C:0.75
T:-nan	T:0.75
C:-nan	C:0
A:-nan	A:0.75
C:-nan	C:0.75
A:-nan	A:0.75
G:-nan	G:0.75
G:-nan	G:0.75
C:-nan	C:0.75
GC:-nan	GC:0.75
G:-nan	G:0.75
C:-nan	C:0.75
A:-nan	A:0.75
T:-nan	T:0.75
T:-nan	T:0
A:-nan	A:0
C:-nan	C:0.75
G:-nan	G:0.75
C:-nan	C:0.75
G:-nan	G:0.75
G:-nan	G:0.75
T:-nan	T:0.75
A:-nan	A:0.75
T:-nan	T:0.75
G:-nan	G:0.75
G:-nan	G:0.5
G:-nan	G:0.75
G:-nan	G:0.5
C:-nan	C:0.5
A:-nan	A:0
G:-nan	G:0
G:-nan	G:0.25
A:-nan	A:0.25
T:-nan	T:0.25
C:-nan	C:0.25
G:-nan	G:0.75
C:-nan	C:0.75
T:-nan	T:0.75
A:-nan	A:0.75
C:-nan	C:0.75
A:-nan	A:0.75
T:-nan	T:0.75
A:-nan	A:0.75
T:-nan	T:0.75
C:-nan	C:0.75
C:-nan	C:0.75
C:-nan	C:0.25
T:-nan	T:0.75
T:-nan	T:0.75
A:-nan	A:0.25
C:-nan	C:0
C:-nan	C:0.25
T:-nan	T:0.25
T:-nan	T:0.25
C:-nan	C:0.25
C:-nan	C:0
C:-nan	C:0.25
C:-nan	C:0.75
G:-nan	G:0.25
C:-nan	C:0.25
T:-nan	T:0.25
G:-nan	G:0.25
C:-nan	C:0.25
A:-nan	A:0.25
G:-nan	G:0.25
G:-nan	G:0.25
G:-nan	G:0.25
G:-nan	G:0.25
G:-nan	G:0.25
A:-nan	A:0
G:-nan	G:0.25
T:-nan	T:0.25
A:-nan	A:0.25
G:-nan	G:0.25
C:-nan	C:0.25
G:-nan	G:0.25
CAG:-nan	CAG:0.75
A:-nan	A:0.5
T:-nan	T:0.75
T:-nan	T:0.5
C:-nan	C:0.75
G:-nan	G:0.75
G:-nan	G:0.25
A:-nan	A:0.25
G:-nan	G:0.25
T:-nan	T:0.25
A:-nan	A:0.25
T:-nan	T:0
G:-nan	G:0.25
C:-nan	C:0.25
G:-nan	G:0
T:-nan	T:0.25
T:-nan	T:0.25
G:-nan	G:0.25
G:-nan	G:0.75
G:-nan	G:0.75
C:-nan	C:0.5
C:-nan	C:0.75
G:-nan	G:0.75
C:-nan	C:0.75
T:-nan	T:0.5
G:-nan	G:0.75
G:-nan	G:0.75
T:-nan	T:0.5
G:-nan	G:0.25
C:-nan	C:0.75
C:-nan	C:0.75
C:-nan	C:0.75
A:-nan	A:0.75
A:-nan	A:0.75
T:-nan	T:0.75
G:-nan	G:0.75
A:-nan	A:0.25
A:-nan	A:0.75
C:-nan	C:0.75
G:-nan	G:0.5
C:-nan	C:0.75
G:-nan	G:0.75
C:-nan	C:0.25
A:-nan	A:0.75
G:-nan	G:0.75
T:-nan	T:0.75
A:-nan	A:0.75
G:-nan	G:0.75
T:-nan	T:0.75
C:-nan	C:0.75
C:-nan	C:0.75
T:-nan	T:0.75
G:-nan	G:0
C:-nan	C:0.75
C:-nan	C:0.75
A:-nan	A:0.5
G:-nan	G:0
C:-nan	C:0
G:-nan	G:0
C:-nan	C:0.75
T:-nan	T:0.25
C:-nan	C:0.25
T:-nan	T:0.25
G:-nan	G:0.25
T:-nan	T:0.25
A:-nan	A:0.25
C:-nan	C:0.25
C:-nan	C:0.25
T:-nan	T:0.25
C:-nan	C:0.75
T:-nan	T:0.75
C:-nan	C:0.25
C:-nan	C:0
G:-nan	G:0
A:-nan	A:0.75
A:-nan	A:0.75
C:-nan	C:0.75
C:-nan	C:0.75
A:-nan	A:0.75
C:-nan	C:0.75
T:-nan	T:0.75
T:-nan	T:0.75
T:-nan	T:0.5
G:-nan	G:0.25
G:-nan	G:0.75
C:-nan	C:0.75
T:-nan	T:0.75
C:-nan	C:0.75
G:-nan	G:0.75
G:-nan	G:0.25
C:-nan	C:0.75
G:-nan	G:0.75
G:-nan	G:0.75
A:-nan	A:0.75
A:-nan	A:0.75
T:-nan	T:0.75
G:-nan	G:0
C:-nan	C:0.75
C:-nan	C:0.5
G:-nan	G:0.75
G:-nan	G:0.25
G:-nan	G:0.25
G:-nan	G:0.75
G:-nan	G:0
C:-nan	C:0.75
C:-nan	C:0.5
G:-nan	G:0.75
G:-nan	G:0.75
C:-nan	C:0.75
C:-nan	C:0.75
T:-nan	T:0.75
G:-nan	G:0.25
G:-nan	G:0.75
C:-nan	C:0.25
G:-nan	G:0.25
C:-nan	C:0.75
G:-nan	G:0.25
G:-nan	G:0.25
T:-nan	T:0.75
T:-nan	T:0.75
T:-nan	T:0.75
C:-nan	C:0.75
T:-nan	T:0.75
A:-nan	A:0.75
G:-nan	G:0
C:-nan	C:0.75
C:-nan	C:0.25
G:-nan	G:0.75
A:-nan	A:0.5
G:-nan	G:0.75
G:-nan	G:0.25
C:-nan	C:0.25
A:-nan	A:0.25
C:-nan	C:0.25
G:-nan	G:0.25
A:-nan	A:0.25
C:-nan	C:0.75
T:-nan	T:0.75
G:-nan	G:0.75
T:-nan	T:0.75
C:-nan	C:0.75
T:-nan	T:0.75
T:-nan	T:0.75
C:-nan	C:0.75
G:-nan	G:0.25
G:-nan	G:0.75
T:-nan	T:0.75
G:-nan	G:0.75
T:-nan	T:0.75
T:-nan	T:0.75
T:-nan	T:0.75
C:-nan	C:0.25
C:-nan	C:0.75
C:-nan	C:0.75
C:-nan	C:0.25
G:-nan	G:0.25
C:-nan	C:0.25
T:-nan	T:0.25
C:-nan	C:0.75
G:-nan	G:0.25
T:-nan	T:0.75
G:-nan	G:0.25
A:-nan	A:0.25
A:-nan	A:0
G:-nan	G:0.25
C:-nan	C:0.25
G:-nan	G:0.25
G:-nan	G:0.25
G:-nan	G:0.25
T:-nan	T:0.25
G:-nan	G:0.25
C:-nan	C:0.25
G:-nan	G:0.25
G:-nan	G:0.25
C:-nan	C:0.25
G:-nan	G:0.25
A:-nan	A:0.75
G:-nan	G:0.75
A:-nan	A:0.75
T:-nan	T:0.75
A:-nan	A:0.25
G:-nan	G:0.25
G:-nan	G:0.25
T:-nan	T:0.25
G:-nan	G:0.25
C:-nan	C:0.25
T:-nan	T:0.25
C:-nan	C:0.25
C:-nan	C:0.25
C:-nan	C:0.25
G:-nan	G:0.25
C:-nan	C:0.25
A:-nan	A:0.25
C:-nan	C:0.25
CCCTACTTCCTTCCTCA:-nan	CCCTACTTCCTTCCTCA:0.25
C:-nan	C:0.25
T:-nan	T:0.25
T:-nan	T:0.25
A:-nan	A:0.25
T:-nan	T:0.25
A:-nan	A:0.25
A:-nan	A:0.25
A:-nan	A:0.75
A:-nan	A:0.75
C:-nan	C:0.75
C:-nan	C:0.75
C:-nan	C:0.75
G:-nan	G:0.25
C:-nan	C:0.25
T:-nan	T:0.75
C:-nan	C:0.75
G:-nan	G:0.75
C:-nan	C:0.75
A:-nan	A:0.75
G:-nan	G:0.75
T:-nan	T:0.25
C:-nan	C:0
A:-nan	A:0.75
G:-nan	G:0.75
T:-nan	T:0.25
C:-nan	C:0.25
T:-nan	T:0.75
G:-nan	G:0.75
A:-nan	A:0.75
G:-nan	G:0.25
T:-nan	T:0.25
T:-nan	T:0.25
A:-nan	A:0.25
T:-nan	T:0.25
A:-nan	A:0.25
C:-nan	C:0.25
A:-nan	A:0.25
C:-nan	C:0.25
T:-nan	T:0.75
G:-nan	G:0.25
G:-nan	G:0.25
A:-nan	A:0.25
A:-nan	A:0.25
G:-nan	G:0.75
T:-nan	T:0.75
T:-nan	T:0.75
T:-nan	T:0.75
G:-nan	G:0.75
G:-nan	G:0.25
A:-nan	A:0.75
C:-nan	C:0.75
T:-nan	T:0
A:-nan	A:0.5
C:-nan	C:0.25
A:-nan	A:0.75
C:-nan	CA:0.75
A:-nan	A:0.75
G:-nan	G:0.75
G:-nan	G:0.75
C:-nan	C:0.75
T:-nan	T:0.5
T:-nan	T:0.75
A:-nan	A:0.75
G:-nan	G:0.75
G:-nan	G:0.25
A:-nan	A:0.75
T:-nan	T:0.75
A:-nan	A:0.75
A:-nan	A:0
C:-nan	C:0
A:-nan	A:0.25
A:-nan	A:0.75
C:-nan	C:0.75
A:-nan	A:0.75
T:-nan	T:0
T:-nan	T:0.75
G:-nan	G:0.75
G:-nan	G:0.5
A:-nan	A:0.5
C:-nan	C:0.75
A:-nan	A:0.75
A:-nan	A:0.75
A:-nan	A:0.25
C:-nan	C:0.25
A:-nan	A:0.5
A:-nan	A:0.25
A:-nan	A:0.25
T:-nan	T:0.25
T:-nan	T:0.25
A:-nan	A:0.25
C:-nan	C:0.25
A:-nan	A:0.25
T:-nan	T:0.25
C:-nan	C:0.75
G:-nan	G:0.75
T:-nan	T:0.75
C:-nan	C:0.75
G:-nan	G:0.5
C:-nan	C:0.5
G:-nan	G:0.75
C:-nan	C:0.25
C:-nan	C:0.75
C:-nan	C:0.75
G:-nan	G:0.75
T:-nan	T:0.75
C:-nan	C:0.75
G:-nan	G:0.75
G:-nan	G:0.75
C:-nan	C:0.75
G:-nan	G:0.75
A:-nan	A:0.75
T:-nan	T:0.75
C:-nan	C:0.75
G:-nan	G:0.75
C:-nan	C:0.75
G:-nan	G:0.75
A:-nan	A:0.75
C:-nan	C:0.75
A:-nan	A:0.75
C:-nan	C:0.75
T:-nan	T:0.75
A:-nan	A:0.5
C:-nan	C:0.5
T:-nan	T:0.75
C:-nan	C:0.75
G:-nan	G:0.5
A:-nan	A:0.25
T:-nan	T:0.75
T:-nan	T:0.75
G:-nan	G:0.25
A:-nan	A:0.25
C:-nan	C:0.75
G:-nan	G:0.5
A:-nan	A:0.5
A:-nan	A:0.75
T:-nan	T:0.75
G:-nan	G:0.75
A:-nan	A:0.5
T:-nan	T:0.25
G:-nan	G:0.25
C:-nan	C:0.25
A:-nan	A:0.25
G:-nan	G:0.75
T:-nan	T:0.75
A:-nan	A:0.75
C:-nan	C:0.75
A:-nan	A:0.75
C:-nan	C:0.75
G:-nan	G:0
C:-nan	C:0.25
A:-nan	A:0.5
G:-nan	G:0.75
G:-nan	G:0
G:-nan	G:0
G:-nan	G:0.25
C:-nan	C:0.75
T:-nan	T:0.75
T:-nan	T:0.25
G:-nan	G:0.25
A:-nan	A:0
T:-nan	T:0.25
A:-nan	A:0
C:-nan	C:0.75
C:-nan	C:0.75
A:-nan	A:0.25
A:-nan	A:0.25
CT:-nan	CT:0.75
G:-nan	G:0.25
T:-nan	T:0.25
G:-nan	G:0.25
C:-nan	C:0.75
A:-nan	A:0
G:-nan	G:0.25
A:-nan	A:0.75
A:-nan	A:0.75
T:-nan	T:0.25
A:-nan	A:0.25
G:-nan	G:0.25
G:-nan	G:0.25
A:-nan	A:0.25
T:-nan	T:0.75
G:-nan	G:0
C:-nan	C:0.25
C:-nan	C:0.25
T:-nan	T:0.75
G:-nan	G:0.5
A:-nan	A:0.75
A:-nan	A:0.75
G:-nan	G:0.75
T:-nan	T:0.75
T:-nan	T:0.75
A:-nan	A:0.75
A:-nan	A:0.75
C:-nan	C:0.75
A:-nan	A:0.75
G:-nan	G:0.75
T:-nan	T:0.75
G:-nan	G:0.75
G:-nan	G:0.75
G:-nan	G:0.75
C:-nan	C:0.75
A:-nan	A:0.25
G:-nan	G:0.75
G:-nan	G:0.75
T:-nan	T:0.75
T:-nan	T:0.75
T:-nan	T:0.75
G:-nan	G:0.75
A:-nan	A:0
G:-nan	G:0
A:-nan	A:0.25
G:-nan	G:0.25
G:-nan	G:0.5
T:-nan	T:0.25
T:-nan	T:0
T:-nan	T:0.25
T:-nan	T:0.5
A:-nan	A:0.5
C:-nan	C:0.75
G:-nan	G:0.5
C:-nan	C:0.75
T:-nan	T:0.75
A:-nan	A:0.75
A:-nan	A:0.75
A:-nan	A:0.75
T:-nan	T:0.75
C:-nan	C:0.75
G:-nan	G:0.25
A:-nan	A:0.25
C:-nan	C:0.75
A:-nan	A:0.75
T:-nan	T:0.75
T:-nan	T:0.75
G:-nan	G:0.75
C:-nan	C:0.75
G:-nan	G:0.25
T:-nan	T:0.25
C:-nan	C:0.25
G:-nan	G:0.75
G:-nan	G:0
G:-nan	G:0.25
A:-nan	A:0.25
G:-nan	G:0.25
G:-nan	G:0.25
C:-nan	C:0.25
G:-nan	G:0.25
C:-nan	C:0.25
A:-nan	A:0.25
T:-nan	T:0.75
T:-nan	T:0
T:-nan	T:0.25
A:-nan	A:0.25
C:-nan	C:0.25
G:-nan	G:0.75
A:-nan	A:0.75
A:-nan	A:0
C:-nan	C:0
G:-nan	G:0.75
G:-nan	G:0.25
C:-nan	C:0.75
G:-nan	G:0.75
T:-nan	T:0.75
G:-nan	G:0.75
A:-nan	A:0.25
A:-nan	A:0.75
G:-nan	G:0.25
G:-nan	G:0.75
G:-nan	G:0.75
C:-nan	C:0.75
A:-nan	A:0.25
A:-nan	A:0.25
T:-nan	T:0.25
A:-nan	A:0.25
C:-nan	C:0.25
G:-nan	G:0.25
C:-nan	C:0.25
A:-nan	A:0.75
G:-nan	G:0.75
C:-nan	C:0.75
G:-nan	G:0.75
C:-nan	C:0.75
CT:-nan	CT:0.75
G:-nan	G:0
T:-nan	T:0.25
A:-nan	A:0.75
C:-nan	C:0.75
G:-nan	G:0.75
T:-nan	T:0.75
T:-nan	T:0
A:-nan	A:0.25
A:-nan	A:0.25
G:-nan	G:0.25
G:-nan	G:0.75
C:-nan	C:0.25
G:-nan	G:0.5
C:-nan	C:0.75
T:-nan	T:0.75
A:-nan	A:0.75
A:-nan	A:0.75
G:-nan	G:0.75
A:-nan	A:0.75
C:-nan	C:0.75
G:-nan	G:0.25
G:-nan	G:0.5
C:-nan	C:0.5
T:-nan	T:0.25
C:-nan	C:0.5
A:-nan	A:0.25
T:-nan	T:0.25
A:-nan	A:0.25
G:-nan	G:0.25
A:-nan	A:0.25
T:-nan	T:0.25
G:-nan	G:0.25
G:-nan	G:0
T:-nan	T:0.75
T:-nan	T:0.75
T:-nan	T:0.5
T:-nan	T:0.75
C:-nan	C:0.25
A:-nan	A:0.75
G:-nan	G:0.25
G:-nan	G:0.25
G:-nan	G:0.75
T:-nan	T:0.75
T:-nan	T:0.75
T:-nan	T:0.75
C:-nan	C:0.5
T:-nan	T:0.75
G:-nan	G:0.75
C:-nan	C:0.25
G:-nan	G:0.75
GGA:-nan	GGA:0.5
T:-nan	T:0.5
G:-nan	G:0.5
G:-nan	G:0.5
C:-nan	C:0
C:-nan	C:0.25
C:-nan	C:0.75
T:-nan	T:0.75
G:-nan	G:0.75
C:-nan	C:0.75
T:-nan	T:0.25
T:-nan	T:0.25
G:-nan	G:0.25
A:-nan	A:0.25
C:-nan	C:0.75
C:-nan	C:0.75
A:-nan	A:0.75
T:-nan	T:0.75
T:-nan	T:0.75
G:-nan	G:0.5
CT:-nan	CT:0.75
G:-nan	G:0.75
G:-nan	G:0.75
G:-nan	G:0.75
T:-nan	T:0.75
G:-nan	G:0.75
A:-nan	A:0.25
C:-nan	C:0.25
T:-nan	T:0.25
C:-nan	C:0.25
C:-nan	C:0.25
C:-nan	C:0.75
C:-nan	C:0.75
C:-nan	C:0.75
A:-nan	A:0.25
G:-nan	G:0.25
G:-nan	G:0.75
T:-nan	T:0.75
A:-nan	A:0.75
G:-nan	G:0.25
G:-nan	G:0.5
G:-nan	G:0.5
T:-nan	T:0.25
G:-nan	G:0.25
